,cellid,cell_center
0,"[26. 28. 39. 23.  5. 19. 45. 37. 27. 32. 33.  2.  3. 22. 35. 30. 41. 24.
 38.  1. 21.  4. 31. 40. 25. 55. 63. 57.  6. 54. 48. 60. 59. 52. 47. 61.
 50.  9. 53. 10. 14. 62. 58. 56. 64. 46. 11. 66. 65. 17. 68.]","[[ 408  375]
 [ 462  684]
 [ 864  984]
 [ 372 1077]
 [1006 1122]
 [ 231 1179]
 [1083  399]
 [ 825 1305]
 [ 429 1353]
 [ 543 1413]
 [ 621 1404]
 [ 779 1511]
 [ 687 1503]
 [ 339 1518]
 [ 687 1503]
 [ 504 1665]
 [ 867 1593]
 [ 396 1704]
 [ 858 1719]
 [ 725 1813]
 [ 267 1950]
 [ 681 2014]
 [ 519 1278]
 [ 864 1929]
 [ 405 2064]
 [1335  375]
 [1785  594]
 [1461  690]
 [1384 1083]
 [1311 1218]
 [1149 1323]
 [1647 1416]
 [1515 1554]
 [1242 1563]
 [1122 1596]
 [1701 1797]
 [1224 1809]
 [1441 1884]
 [1260 1941]
 [1377 2025]
 [1765 1988]
 [1701 2040]
 [1506 2067]
 [1377 2025]
 [1800 1656]
 [1101 1908]
 [1985  227]
 [1875  363]
 [1842  918]
 [2071 1485]
 [1971 1695]]"
1,"[100.  89.  88.  92.  98. 103.  93. 111. 101.  96.  69. 102. 105. 109.
  71.  90.  87.  70. 104.  95. 114. 107. 106. 116. 120.  73.  74. 115.
 119. 122. 118. 125. 123.  76. 126.  77. 117. 121.  75.  80. 128. 133.
 130.  82. 129.]","[[ 570  297]
 [ 240  294]
 [ 228  618]
 [ 357  726]
 [ 543  732]
 [ 672  729]
 [ 360  867]
 [ 915  906]
 [ 597  873]
 [ 396 1104]
 [ 228  618]
 [ 615 1173]
 [ 735 1272]
 [ 867 1296]
 [ 735 1272]
 [ 243 1338]
 [ 210 1494]
 [ 453 1568]
 [ 708 1467]
 [ 378 1677]
 [1011 1773]
 [ 801 1782]
 [ 792 1944]
 [1140  291]
 [1416  606]
 [1391  756]
 [1615  739]
 [1119  804]
 [1359  933]
 [1584  900]
 [1245 1296]
 [1797  426]
 [1584 1437]
 [1323 1454]
 [1830 1596]
 [1234 1558]
 [1209 1689]
 [1479 1716]
 [1575 1934]
 [2054  287]
 [1935  477]
 [2079  582]
 [1956  996]
 [1962 1300]
 [1938 1698]]"
2,"[178. 174. 160. 186. 169. 183. 167. 175. 170. 136. 134. 135. 165. 182.
 176. 184. 172. 187. 168. 180. 185. 162. 181. 163. 173. 179. 166. 141.
 171. 146. 193. 154. 192. 143. 191. 144. 145. 199. 194. 155. 150. 189.
 195. 200. 197. 190. 148. 201. 151. 206. 152. 205. 202. 204. 156.]","[[ 774   12]
 [ 657   15]
 [ 246   84]
 [ 924  117]
 [ 468  174]
 [ 858  255]
 [ 441  315]
 [ 693  360]
 [ 471  417]
 [ 914  567]
 [ 228  552]
 [ 719  601]
 [ 417  624]
 [ 852  702]
 [ 696  861]
 [ 888  834]
 [ 534  981]
 [ 975 1074]
 [ 441  972]
 [ 795  468]
 [ 900 1344]
 [ 264 1482]
 [ 810 1512]
 [ 267 1602]
 [ 534 1692]
 [ 777 1686]
 [ 423 1794]
 [ 698 1878]
 [ 513 1995]
 [1255  259]
 [1389  432]
 [1764  403]
 [1314  561]
 [1320  733]
 [1188  855]
 [1573  909]
 [1203 1064]
 [1650 1029]
 [1416 1191]
 [1826 1101]
 [1608 1318]
 [1140 1392]
 [1434 1314]
 [1743 1515]
 [1611 1632]
 [1146 1812]
 [1556 1919]
 [1812  141]
 [1985  167]
 [2016  273]
 [1840  489]
 [1953  627]
 [1812  864]
 [1899 1452]
 [1883 1971]]"
3,"[238. 245. 236. 207. 233. 247. 223. 242. 246. 209. 210. 248. 251. 235.
 244. 211. 250. 237. 213. 243. 239. 241. 212. 217. 264. 263. 270. 224.
 221. 254. 268. 255. 269. 256. 265. 257. 261. 259. 228. 271. 262. 260.
 258. 278. 272. 274. 277. 231. 276. 275. 273.]","[[ 462   18]
 [ 720   30]
 [ 303   84]
 [ 884  150]
 [ 249  321]
 [ 837  396]
 [1032  412]
 [ 549  603]
 [ 735  795]
 [ 538  912]
 [ 373  926]
 [ 843  999]
 [ 927 1026]
 [ 273 1167]
 [ 714 1167]
 [ 667 1459]
 [ 903 1515]
 [ 399 1635]
 [ 621 1644]
 [ 621 1644]
 [ 513 1761]
 [ 534 1854]
 [ 881 1961]
 [1124   28]
 [1611   24]
 [1557  111]
 [1779  312]
 [1150  566]
 [1572  666]
 [1119  648]
 [1686  831]
 [1176  924]
 [1695  981]
 [1230 1086]
 [1614 1347]
 [1272 1380]
 [1425 1383]
 [1299 1686]
 [1015 1708]
 [1830 1632]
 [1452 1881]
 [1329 1896]
 [1275 1956]
 [2049   69]
 [1854    9]
 [1866  216]
 [2016  366]
 [1969  587]
 [1980 1155]
 [1965 1503]
 [1854 1851]]"
4,"[319. 279. 310. 308. 316. 322. 320. 304. 307. 281. 303. 305. 309. 314.
 323. 311. 287. 318. 300. 312. 302. 315. 313. 285. 283. 317. 284. 321.
 289. 288. 324. 330. 290. 333. 339. 332. 345. 343. 331. 340. 344. 336.
 338. 337. 341. 329. 335. 326. 325. 328. 355. 353. 352. 347. 349. 350.
 295. 348. 354. 346. 298.]","[[ 885   12]
 [ 257   53]
 [ 513  159]
 [ 411  273]
 [ 822  339]
 [ 993  351]
 [ 891  537]
 [ 303  495]
 [ 396  618]
 [ 671  683]
 [ 282  762]
 [ 315  852]
 [ 426  975]
 [ 723 1026]
 [1011 1068]
 [ 573 1104]
 [ 449 1385]
 [ 873 1293]
 [ 222 1194]
 [ 675 1422]
 [ 240 1482]
 [ 804 1494]
 [ 681 1740]
 [ 356 1806]
 [ 425 1882]
 [ 852 1959]
 [ 225 1935]
 [ 954 1605]
 [1623   24]
 [1333   89]
 [1050   81]
 [1221  345]
 [1358  442]
 [1269  462]
 [1539  684]
 [1263  783]
 [1737  753]
 [1662  903]
 [1227 1134]
 [1569 1056]
 [1722 1119]
 [1320 1176]
 [1386 1359]
 [1338  882]
 [1602 1401]
 [1194 1455]
 [1317 1629]
 [1098 1665]
 [1071 1758]
 [1134 1992]
 [2076  114]
 [2016  321]
 [2013  537]
 [1869  666]
 [1992  837]
 [2004  981]
 [1944 1153]
 [1881 1635]
 [2067 1650]
 [1842 1719]
 [1810 1827]]"
5,"[382. 390. 398. 385. 403. 359. 397. 392. 386. 391. 402. 393. 361. 360.
 381. 358. 383. 406. 396. 388. 395. 399. 404. 384. 400. 401. 414. 364.
 407. 411. 410. 376. 366. 405. 408. 415. 412. 421. 367. 419. 420. 372.
 413. 416. 409. 418. 370. 379. 371. 426. 422. 423. 424.]","[[ 222   45]
 [ 534    9]
 [ 855   96]
 [ 345   48]
 [ 963  417]
 [ 313  531]
 [ 828  432]
 [ 720  588]
 [ 351  681]
 [ 591  738]
 [ 927  825]
 [ 732 1182]
 [ 909 1067]
 [ 909 1067]
 [ 219 1038]
 [ 461 1314]
 [ 231 1356]
 [1044 1350]
 [ 807 1509]
 [ 477 1641]
 [ 765 1794]
 [ 894 1665]
 [ 966 1794]
 [ 255 1836]
 [ 894 1968]
 [ 924 1455]
 [1308   18]
 [1650  302]
 [1059  303]
 [1263  624]
 [1128   21]
 [1760  440]
 [1690  632]
 [1044  687]
 [1086  837]
 [1395  903]
 [1272 1062]
 [1731 1149]
 [1468 1322]
 [1563  555]
 [1644 1530]
 [1431 1566]
 [1287 1527]
 [1431 1566]
 [1104 1686]
 [1515 1731]
 [1070 1903]
 [1745 1967]
 [1497 1968]
 [2004  246]
 [1884  549]
 [1896 1044]
 [1938 1638]]"
6,"[460. 456. 454. 427. 436. 457. 462. 433. 435. 432. 459. 455. 458. 452.
 461. 470. 472. 439. 438. 464. 444. 469. 442. 466. 463. 467. 441. 468.
 473. 445. 465. 447. 471. 475. 448. 450. 451. 474. 476.]","[[ 909    6]
 [ 762  159]
 [ 378  288]
 [ 209  140]
 [ 968  430]
 [ 777  558]
 [1008  609]
 [ 960  753]
 [ 365  838]
 [ 888  955]
 [ 888 1170]
 [ 435 1377]
 [ 801 1605]
 [ 255 1758]
 [ 957 1854]
 [1518   21]
 [1740   18]
 [1353  162]
 [1603  351]
 [1197  504]
 [1715  437]
 [1491  597]
 [1705  588]
 [1353  879]
 [1128  939]
 [1359 1125]
 [1611 1387]
 [1440 1173]
 [1788  894]
 [1030 1640]
 [1281 1797]
 [1094 1863]
 [1527 1914]
 [1977   33]
 [2045  121]
 [2094  308]
 [1929  448]
 [1968 1530]
 [2046 1800]]"
7,"[500. 496. 494. 499. 501. 497. 480. 507. 484. 509. 513. 508. 515. 506.
 511. 504. 510. 503. 516. 529. 524. 522. 523. 527. 531. 490. 489. 525.
 520. 488. 526. 530.]","[[ 384  234]
 [  75  468]
 [  15 1506]
 [ 351 1551]
 [ 405 1671]
 [ 261 1755]
 [  44 1847]
 [ 864  333]
 [ 947  316]
 [ 927  798]
 [1044  927]
 [ 882  948]
 [1113 1107]
 [ 837 1374]
 [1008 1416]
 [ 702 1458]
 [ 975 1704]
 [ 537 2052]
 [1149 1830]
 [1941  231]
 [1782  264]
 [1662  903]
 [1746  882]
 [1875 1209]
 [1980 1206]
 [1576 1271]
 [1389 1553]
 [1785 1614]
 [1491 1677]
 [1667 1803]
 [1824 2001]
 [1977 1665]]"
8,"[532. 546. 533. 551. 556. 552. 545. 555. 535. 534. 547. 553. 550. 548.
 554. 569. 573. 574. 563. 538. 537. 567. 562. 559. 571. 566. 579. 557.
 575. 561. 568. 572. 558. 570. 565. 578. 564. 576. 590. 582. 539. 592.
 580. 587. 589. 593. 541. 581. 595. 588. 594. 540. 585. 591.]","[[ 116  134]
 [  33  282]
 [ 318  553]
 [ 189  696]
 [ 396  741]
 [ 222  450]
 [  24  585]
 [ 363  426]
 [ 253 1234]
 [ 241 1438]
 [  93 1485]
 [ 297 1638]
 [ 180 1764]
 [  93 1872]
 [ 357 1917]
 [1041   33]
 [1224   39]
 [1230  366]
 [ 849  456]
 [ 714  499]
 [1009  684]
 [ 951  903]
 [ 834  933]
 [ 615  966]
 [1062 1167]
 [ 915 1212]
 [1299  660]
 [ 552 1254]
 [1236 1215]
 [ 792 1398]
 [ 996 1419]
 [1194 1569]
 [ 594 1602]
 [1044 1746]
 [ 867 1953]
 [1269 1863]
 [ 849 1551]
 [1251 1464]
 [1779  306]
 [1476  339]
 [1361  360]
 [1848  780]
 [1425  888]
 [1623 1014]
 [1773 1116]
 [1881 1332]
 [1330 1373]
 [1443 1512]
 [1974 1518]
 [1683 1662]
 [1917 1830]
 [1743 1843]
 [1590 1842]
 [1788 1977]]"
9,"[632. 597. 596. 628. 629. 634. 627. 599. 635. 602. 610. 650. 643. 607.
 606. 605. 638. 648. 617. 646. 641. 637. 647. 608. 639. 622. 612. 611.
 640. 645. 644. 614. 658. 660. 651. 652. 616. 663. 654. 662. 656. 619.
 626. 655. 649. 659.]","[[ 174  108]
 [ 322   88]
 [ 322   88]
 [  87  726]
 [ 132  945]
 [ 363  966]
 [  30 1197]
 [ 114  408]
 [ 489  723]
 [ 115 1482]
 [ 457 1952]
 [1266   90]
 [ 741  354]
 [ 596  451]
 [ 752  531]
 [ 582  726]
 [ 582  726]
 [1161  726]
 [1297  897]
 [ 987  963]
 [ 678 1215]
 [ 567 1263]
 [1098 1353]
 [1134 1129]
 [ 597 1446]
 [1233 1482]
 [ 723 1594]
 [1045 1820]
 [ 648 1890]
 [ 975 1932]
 [ 798 1959]
 [ 798 1959]
 [1779    6]
 [1788  261]
 [1563  243]
 [1596  543]
 [1493  798]
 [1950  798]
 [1620  882]
 [1902 1212]
 [1743 1473]
 [1525 1532]
 [1970 1660]
 [1701 1815]
 [1248 1914]
 [1779 1977]]"
10,"[691. 665. 690. 688. 694. 693. 692. 667. 700. 670. 704. 708. 705. 703.
 696. 706. 699. 709. 697. 711. 701. 712. 673. 710. 702. 729. 723. 715.
 733. 675. 718. 727. 730. 720. 726. 734. 677. 719. 680. 731. 721. 725.
 713. 732. 716. 679. 724.]","[[ 168   42]
 [ 322  339]
 [ 162  408]
 [  54  534]
 [ 261 1026]
 [ 216 1257]
 [ 207 1701]
 [1053    4]
 [ 735  180]
 [ 592  331]
 [ 798    3]
 [1110  597]
 [ 804  534]
 [ 795  741]
 [ 570  837]
 [ 831 1089]
 [ 732 1200]
 [1125 1254]
 [ 600  585]
 [1176  384]
 [ 741 1500]
 [1191 1656]
 [ 604 1877]
 [1134 1890]
 [ 756 1983]
 [1749   54]
 [1560   24]
 [1392  177]
 [1878  189]
 [1808  336]
 [1452  495]
 [1671  582]
 [1755  768]
 [1518 1152]
 [1650 1008]
 [1896 1092]
 [1546 1312]
 [1488  915]
 [1912 1418]
 [1779 1512]
 [1524 1563]
 [1638 1731]
 [1335 1698]
 [1866 1818]
 [1401 1914]
 [1935 1963]
 [1623 1995]]"
11,"[797. 785. 735. 784. 792. 780. 790. 787. 739. 738. 788. 748. 789. 795.
 736. 737. 793. 791. 786. 779. 742. 794. 781. 816. 809. 807. 745. 817.
 806. 747. 805. 749. 827. 821. 820. 826. 796. 829. 798. 818. 804. 815.
 823. 812. 828. 799. 833. 800. 801. 754. 802. 808. 825. 813. 751. 752.
 810. 803. 814. 832. 851. 841. 755. 834. 839. 846. 837. 764. 843. 855.
 831. 849. 845. 762. 840. 761. 763. 759. 760. 756. 836. 773. 765. 852.
 838. 847. 848. 767. 850. 769. 835. 768. 853.]","[[ 468   24]
 [ 114  105]
 [ 343  148]
 [ 105  195]
 [ 303  276]
 [   9  129]
 [ 285  468]
 [ 189  552]
 [  82  765]
 [ 204  828]
 [ 204  828]
 [ 428 1023]
 [ 276 1092]
 [ 414 1128]
 [  87 1217]
 [ 290 1246]
 [ 369  561]
 [ 288 1413]
 [ 186 1527]
 [   6 1644]
 [ 273 1891]
 [ 405 1911]
 [  24 1953]
 [ 774   12]
 [ 672  189]
 [ 651  270]
 [1020  278]
 [ 846  354]
 [ 630  327]
 [ 999  331]
 [ 621  507]
 [ 474  471]
 [1059  480]
 [ 939  567]
 [ 879  576]
 [1056  627]
 [ 456  693]
 [1125  687]
 [ 477  762]
 [ 873  891]
 [ 567  921]
 [ 771  960]
 [1023 1074]
 [ 720 1212]
 [1062 1185]
 [ 483 1296]
 [1239 1269]
 [ 498  402]
 [ 501 1365]
 [ 864 1440]
 [ 525 1449]
 [ 657 1461]
 [1035 1497]
 [ 723 1569]
 [ 886 1575]
 [ 842 1621]
 [ 687 1662]
 [ 543 1737]
 [ 729 1965]
 [1230 1485]
 [1911   21]
 [1593   36]
 [1439   29]
 [1341  270]
 [1527  282]
 [1740  237]
 [1473  339]
 [1307  562]
 [1707  510]
 [1971  549]
 [1230  603]
 [1779  651]
 [1719  723]
 [1779  651]
 [1545  756]
 [1497  932]
 [1811  942]
 [1940  938]
 [1249 1063]
 [1711 1086]
 [1470 1095]
 [1958 1270]
 [1761 1370]
 [1938 1152]
 [1476 1431]
 [1743 1458]
 [1770 1599]
 [1854 1810]
 [1833 1884]
 [1500 1904]
 [1449 1962]
 [1335 1757]
 [1941 1470]]"
12,"[878. 857. 884. 880. 885. 858. 892. 881. 859. 888. 886. 883. 860. 887.
 891. 901. 895. 861. 889. 906. 890. 902. 894. 899. 905. 904. 864. 896.
 862. 900. 863. 865. 897. 903. 898. 915. 918. 916. 911. 870. 907. 909.
 917. 912. 871. 913. 908.]","[[  30   21]
 [ 334  258]
 [ 249  327]
 [ 123  480]
 [ 270  597]
 [ 116  848]
 [ 582  804]
 [ 135 1107]
 [ 106 1347]
 [ 441  852]
 [ 351 1434]
 [ 243 1704]
 [  25 1742]
 [ 426 1974]
 [ 510 1659]
 [ 873   78]
 [ 708  204]
 [1023  145]
 [ 498  237]
 [1179  141]
 [ 498  423]
 [ 930  471]
 [ 663  543]
 [ 834  642]
 [1125  606]
 [ 978  867]
 [ 789  989]
 [ 750 1113]
 [ 617 1093]
 [ 843 1428]
 [ 992 1349]
 [ 600 1479]
 [ 777 1728]
 [ 954 1806]
 [ 801 1944]
 [1683   93]
 [1980  219]
 [1809  393]
 [1527  378]
 [1819  637]
 [1266  750]
 [1446  987]
 [1896  999]
 [1560 1314]
 [1865 1744]
 [1578 1917]
 [1281 1917]]"
13,"[946. 940. 942. 943. 919. 941. 945. 944. 920. 947. 938. 939. 954. 949.
 948. 957. 924. 952. 958. 955. 953. 959. 951. 926. 950. 956. 970. 961.
 963. 964. 967. 962. 930. 968. 960. 969. 933.]","[[ 390   18]
 [  15  141]
 [ 102  330]
 [ 237  258]
 [ 274  625]
 [  33  720]
 [ 372  852]
 [ 336 1041]
 [ 155 1052]
 [ 438  423]
 [   6 1896]
 [  12 1779]
 [ 891   12]
 [ 633  141]
 [ 582  450]
 [1044  513]
 [1078  592]
 [ 786  612]
 [1101  897]
 [ 921  972]
 [ 804 1197]
 [1185 1257]
 [ 726 1380]
 [ 526 1597]
 [ 723 1752]
 [ 987 1737]
 [1914  117]
 [1485  222]
 [1614  243]
 [1635  435]
 [1797  621]
 [1587  588]
 [1933  945]
 [1821 1065]
 [1371 1392]
 [1875 1404]
 [1423 1606]]"
14,"[ 997. 1007.  973.  972.  971.  996.  974. 1001. 1005.  993.  976.  995.
 1006.  998. 1002.  994. 1000. 1004.  975.  980. 1017.  981. 1022. 1016.
  978. 1021. 1009. 1015. 1010. 1023. 1013.  983. 1011. 1019. 1025. 1012.
 1024. 1018.  985. 1027.  986. 1026. 1031. 1040. 1033. 1036. 1032. 1041.
  988.]","[[  54  474]
 [ 666  621]
 [ 317  645]
 [  65  685]
 [ 655  860]
 [  33  930]
 [ 558 1006]
 [ 435 1206]
 [ 588 1185]
 [   6 1206]
 [ 243 1545]
 [  30 1542]
 [ 630 1566]
 [ 123 1569]
 [ 513 1932]
 [  24 1938]
 [ 243 1545]
 [ 558 1704]
 [ 303 1745]
 [ 951  383]
 [1320  618]
 [ 929  838]
 [1428  918]
 [1275  975]
 [ 853  993]
 [1419 1029]
 [ 861 1200]
 [1272 1266]
 [ 948 1368]
 [1446 1476]
 [1221 1629]
 [ 748 1596]
 [1020 1794]
 [1347 1803]
 [1527 1773]
 [1122 1797]
 [1497 2082]
 [1335 1614]
 [1831  407]
 [1587  462]
 [1988  693]
 [1533  696]
 [1710  804]
 [1905  924]
 [1749  990]
 [1794 1395]
 [1728 1503]
 [1920 1755]
 [1770 1956]]"
15,"[1069. 1068. 1042. 1075. 1043. 1070. 1078. 1071. 1080. 1074. 1081. 1073.
 1067. 1050. 1045. 1076. 1048. 1102. 1099. 1096. 1088. 1104. 1053. 1087.
 1082. 1094. 1093. 1100. 1092. 1054. 1095. 1086. 1101. 1089. 1055. 1106.
 1118. 1107. 1111. 1109. 1117. 1113. 1120. 1112. 1057. 1108. 1115. 1105.
 1114. 1119. 1058. 1110.]","[[ 126   27]
 [  96  378]
 [ 286  643]
 [ 573  726]
 [ 450  916]
 [ 186 1035]
 [ 675  999]
 [ 393 1167]
 [ 750  186]
 [ 543  228]
 [ 813 1299]
 [ 486 1362]
 [  27 1431]
 [ 357 1726]
 [ 154 1743]
 [ 609 1785]
 [ 113 1855]
 [1461   24]
 [1368  132]
 [1254  201]
 [ 975  384]
 [1533  750]
 [1442  777]
 [ 942  786]
 [ 816 1128]
 [1215 1146]
 [1206  774]
 [1386 1224]
 [1170 1290]
 [1443 1377]
 [1251 1452]
 [ 906 1605]
 [1398 1608]
 [1002 1794]
 [1343 1803]
 [1581 1701]
 [1905   24]
 [1617   21]
 [1764   33]
 [1680  243]
 [1896  258]
 [1794  528]
 [1986  813]
 [1770 1005]
 [1636  870]
 [1620 1287]
 [1890 1404]
 [1548 1506]
 [1818 1605]
 [1977 1809]
 [1868 1893]
 [1740 1248]]"
16,"[1121. 1167. 1158. 1164. 1126. 1154. 1124. 1150. 1161. 1156. 1152. 1163.
 1128. 1160. 1165. 1153. 1130. 1157. 1159. 1127. 1151. 1181. 1174. 1187.
 1184. 1171. 1137. 1177. 1134. 1191. 1173. 1179. 1183. 1135. 1180. 1176.
 1138. 1193. 1188. 1170. 1186. 1172. 1140. 1189. 1169. 1178. 1185. 1175.
 1141. 1143. 1204. 1203. 1145. 1197. 1195. 1194. 1196. 1201. 1148. 1202.
 1200.]","[[ 311  113]
 [ 675  117]
 [ 399   93]
 [ 600  339]
 [ 434  502]
 [ 165  495]
 [ 190  744]
 [  21  816]
 [ 429  927]
 [ 315 1155]
 [  33 1155]
 [ 528  723]
 [ 264 1418]
 [ 417 1404]
 [ 612 1434]
 [  33 1665]
 [ 121 1626]
 [ 360 1650]
 [ 405 1767]
 [ 220 1861]
 [  21 1896]
 [1110   42]
 [ 903   96]
 [1269  147]
 [1179  381]
 [ 828  339]
 [ 920  426]
 [1005  630]
 [ 873  654]
 [1485  621]
 [ 873  654]
 [1017  798]
 [1137  768]
 [1310  951]
 [1059  993]
 [ 975 1137]
 [1332 1112]
 [1590 1059]
 [1296 1629]
 [ 822 1527]
 [1197 1740]
 [ 867 1803]
 [ 894 1731]
 [1407 1860]
 [ 810 1959]
 [1005 1941]
 [1185 1989]
 [ 924 1416]
 [1890   29]
 [1607   27]
 [1992  159]
 [1932  285]
 [1705  427]
 [1779  519]
 [1761  819]
 [1593  822]
 [1773  939]
 [1848 1320]
 [1665 1516]
 [1908 1566]
 [1809 1668]]"
17,"[1241. 1242. 1208. 1244. 1236. 1245. 1246. 1235. 1206. 1207. 1225. 1212.
 1228. 1243. 1230. 1240. 1226. 1211. 1231. 1234. 1248. 1229. 1257. 1266.
 1250. 1271. 1256. 1253. 1262. 1259. 1249. 1265. 1268. 1252. 1213. 1269.
 1270. 1258. 1216. 1267. 1263. 1251. 1260. 1275. 1218. 1222. 1223. 1277.
 1273. 1276.]","[[ 447   27]
 [ 492  234]
 [ 271  340]
 [ 507  435]
 [ 321  513]
 [ 579  660]
 [ 603  741]
 [ 312  744]
 [ 181  851]
 [ 181  851]
 [  15  957]
 [ 719 1077]
 [  87 1254]
 [ 495 1248]
 [ 174 1416]
 [ 435 1410]
 [  51 1752]
 [ 551 1804]
 [ 204 1920]
 [ 261 1806]
 [ 663 1896]
 [  99 1980]
 [1134   51]
 [1443   93]
 [ 804  219]
 [1560  243]
 [1047  357]
 [ 906  321]
 [1383  522]
 [1206  897]
 [ 750  915]
 [1440  900]
 [1455 1023]
 [ 825 1107]
 [1118 1193]
 [1461 1254]
 [1470 1371]
 [1173 1509]
 [1003 1681]
 [1452 1710]
 [1383 1926]
 [ 822 1968]
 [1284 1974]
 [1776   15]
 [1779  320]
 [1817  646]
 [1698 1496]
 [1941 1680]
 [1743 1851]
 [1902 1905]]"
18,"[1316. 1313. 1302. 1278. 1312. 1303. 1305. 1322. 1280. 1300. 1319. 1281.
 1314. 1304. 1307. 1315. 1279. 1317. 1285. 1311. 1282. 1321. 1309. 1318.
 1284. 1286. 1287. 1336. 1326. 1327. 1334. 1330. 1333. 1323. 1289. 1320.
 1332. 1325. 1335. 1328. 1338. 1290. 1292. 1324. 1331. 1339. 1293. 1294.
 1350. 1347. 1296. 1345. 1344. 1348. 1297. 1340. 1346.]","[[ 612  135]
 [ 423   57]
 [  51   90]
 [ 213  150]
 [ 390  243]
 [  63  363]
 [ 213  150]
 [ 825  465]
 [ 445  547]
 [   6  555]
 [ 681  888]
 [ 287  803]
 [ 447  867]
 [  84  873]
 [ 285 1089]
 [ 579 1047]
 [  41 1090]
 [ 627 1233]
 [  88 1351]
 [ 363 1308]
 [ 261 1416]
 [ 795 1350]
 [ 315 1788]
 [ 633 1782]
 [ 440 1804]
 [1146   80]
 [1289  122]
 [1398  243]
 [ 909  240]
 [1044  417]
 [1371  396]
 [1230  498]
 [1365  636]
 [ 852  639]
 [1080 1027]
 [ 765 1152]
 [1275 1137]
 [ 903 1203]
 [1374 1305]
 [1098 1380]
 [1422 1545]
 [1076 1692]
 [1257 1609]
 [ 861 1716]
 [1245 1917]
 [1494 1896]
 [1753  140]
 [1725  329]
 [1962  441]
 [1734  606]
 [1960  949]
 [1680 1122]
 [1668 1257]
 [1842 1416]
 [1614 1548]
 [1539 1755]
 [1710 1950]]"
19,"[1382. 1389. 1384. 1372. 1377. 1386. 1375. 1391. 1383. 1392. 1378. 1396.
 1387. 1373. 1395. 1352. 1380. 1360. 1381. 1388. 1354. 1390. 1374. 1357.
 1376. 1356. 1359. 1414. 1358. 1399. 1397. 1402. 1408. 1400. 1415. 1404.
 1413. 1409. 1412. 1410. 1416. 1401. 1405. 1411. 1403. 1362. 1406. 1407.
 1423. 1418. 1363. 1419. 1426. 1425. 1364. 1428. 1420. 1429. 1422. 1365.
 1424. 1368. 1421.]","[[ 300   24]
 [ 615   66]
 [ 315  168]
 [  18  198]
 [ 216  423]
 [ 411  459]
 [  54  492]
 [ 660  624]
 [ 309  597]
 [ 687  768]
 [ 249  792]
 [ 807  924]
 [ 432  969]
 [  24 1017]
 [ 738 1212]
 [  83 1285]
 [ 273 1353]
 [ 726 1404]
 [ 291 1452]
 [ 438 1200]
 [ 353 1537]
 [ 651 1503]
 [  27 1533]
 [ 496 1613]
 [ 108 1734]
 [ 380 1978]
 [1224    8]
 [1404   69]
 [1176  246]
 [ 846  189]
 [ 813  282]
 [ 945  402]
 [1224  561]
 [ 930  642]
 [1464  756]
 [ 984  945]
 [1398 1068]
 [1227 1350]
 [1356 1311]
 [1347  870]
 [1470  459]
 [ 939 1461]
 [1059 1506]
 [1353 1689]
 [ 966 1794]
 [1419 1904]
 [1170 1968]
 [1179 1779]
 [1920   81]
 [1617   45]
 [1656  239]
 [1650  387]
 [1953  405]
 [1926  573]
 [1624  660]
 [1971  807]
 [1719  972]
 [1998 1107]
 [1767 1332]
 [1621 1342]
 [1923 1398]
 [1932 1771]
 [1737 1695]]"
20,"[1457. 1460. 1462. 1463. 1461. 1458. 1456. 1437. 1431. 1459. 1439. 1464.
 1434. 1468. 1472. 1465. 1438. 1467. 1470. 1474. 1442. 1475. 1476. 1443.
 1477. 1444. 1451. 1479. 1449. 1471.]","[[ 255   51]
 [ 360  315]
 [ 600  324]
 [ 705  216]
 [ 594  585]
 [ 279  747]
 [ 132  846]
 [ 732  787]
 [ 489  836]
 [ 339 1062]
 [ 745 1749]
 [ 834   36]
 [1105   42]
 [1206   99]
 [1590  126]
 [ 966  444]
 [ 906 1201]
 [1152 1278]
 [1296 1887]
 [1680 1875]
 [1953  163]
 [1734  210]
 [1755  303]
 [1996  379]
 [1833  453]
 [1957 1086]
 [1922 1581]
 [1965 1749]
 [1857 1752]
 [1548 1773]]"
21,"[1492. 1497. 1488. 1499. 1496. 1494. 1480. 1519. 1481. 1517. 1522. 1518.
 1502. 1486. 1514. 1521. 1482. 1512. 1501. 1504. 1491. 1509. 1490. 1510.
 1503. 1508. 1487. 1507. 1505.]","[[  21  687]
 [ 168  834]
 [ 251 1424]
 [ 207 1722]
 [ 144 1809]
 [  57 1836]
 [ 142 1962]
 [ 870  267]
 [ 924  388]
 [ 780  426]
 [1014  528]
 [ 819  609]
 [ 312  840]
 [ 533  928]
 [ 744  900]
 [ 972 1005]
 [ 726 1076]
 [ 678 1197]
 [ 309 1050]
 [ 384 1410]
 [ 619 1389]
 [ 579 1503]
 [ 882 1568]
 [ 609 1665]
 [ 360 1728]
 [ 576 1839]
 [ 719 1869]
 [ 489 1887]
 [ 405 1596]]"
22,"[1548. 1546. 1539. 1535. 1538. 1536. 1543. 1542. 1545. 1525. 1526. 1534.
 1524. 1578. 1575. 1570. 1556. 1558. 1555. 1574. 1559. 1551. 1529. 1576.
 1528. 1580. 1564. 1566. 1531. 1563. 1561. 1552. 1568. 1550. 1577. 1579.
 1569. 1571. 1553. 1530. 1549. 1581. 1582.]","[[ 288   54]
 [ 189  210]
 [  36  675]
 [  15  807]
 [  27  993]
 [  21 1077]
 [ 138 1161]
 [ 129  456]
 [ 153 1032]
 [  63 1527]
 [ 150 1693]
 [   6 1815]
 [ 151 1987]
 [ 993  138]
 [ 978  216]
 [ 900  390]
 [ 417  447]
 [ 456  564]
 [ 396  654]
 [ 969  645]
 [ 567  696]
 [ 339  678]
 [ 506  789]
 [ 981  882]
 [ 850  858]
 [ 996 1032]
 [ 681 1065]
 [ 705 1260]
 [ 867 1216]
 [ 654  477]
 [ 579 1176]
 [ 345 1224]
 [ 807 1401]
 [ 324 1416]
 [ 990 1452]
 [ 993 1509]
 [ 879 1530]
 [ 924 1668]
 [ 375 1623]
 [ 452 1748]
 [ 288 1962]
 [ 999 1971]
 [1050 1662]]"
23,"[1601. 1600. 1583. 1584. 1599. 1603. 1604. 1605. 1619. 1626. 1615. 1611.
 1624. 1609. 1590. 1623. 1627. 1586. 1589. 1616. 1608. 1591. 1613. 1625.
 1588. 1587. 1610. 1617. 1612. 1618. 1614. 1598. 1621.]","[[ 102   90]
 [  21  258]
 [ 216  268]
 [ 208  738]
 [  15  852]
 [ 156 1635]
 [ 195 1872]
 [ 258 1950]
 [ 780   63]
 [ 996   18]
 [ 564   36]
 [ 381   66]
 [ 963  177]
 [ 351  237]
 [ 779  252]
 [ 945  279]
 [1005  420]
 [ 509  531]
 [ 358  485]
 [ 660  672]
 [ 333  669]
 [ 979  836]
 [ 492  903]
 [ 993  996]
 [ 733 1198]
 [ 414 1157]
 [ 351  837]
 [ 711  843]
 [ 489 1461]
 [ 762 1575]
 [ 537 1620]
 [ 482 1685]
 [ 837 1851]]"
24,"[1653. 1651. 1660. 1628. 1655. 1661. 1663. 1654. 1630. 1657. 1650. 1640.
 1637. 1631. 1659. 1649. 1656. 1647. 1664. 1692. 1695. 1636. 1696. 1682.
 1638. 1684. 1697. 1670. 1639. 1666. 1688. 1668. 1634. 1702. 1690. 1700.
 1683. 1691. 1705. 1671. 1687. 1685. 1646. 1679. 1673. 1689. 1662. 1686.
 1648. 1678. 1674. 1645. 1704. 1667. 1701. 1698. 1693. 1665. 1703. 1677.
 1644. 1643.]","[[ 168  165]
 [ 111  213]
 [ 240  147]
 [ 165  214]
 [ 186    6]
 [ 276  111]
 [ 321   24]
 [ 168  321]
 [ 234  715]
 [ 204  771]
 [  93  453]
 [ 253  976]
 [ 276 1075]
 [ 149 1365]
 [ 216 1503]
 [  15 1662]
 [ 195 1944]
 [ 263 1455]
 [ 327 1827]
 [ 801  174]
 [ 915  189]
 [ 645  388]
 [ 918  402]
 [ 663  438]
 [ 796  501]
 [ 687  561]
 [ 921  681]
 [ 423  720]
 [ 387  795]
 [ 345  828]
 [ 732  822]
 [ 387  795]
 [ 722  928]
 [ 966  927]
 [ 777  921]
 [ 954 1098]
 [ 669 1203]
 [ 777 1260]
 [1014 1002]
 [ 441 1164]
 [ 729 1350]
 [ 687 1389]
 [ 362 1414]
 [ 627 1368]
 [ 486 1383]
 [ 768 1488]
 [ 312 1440]
 [ 726 1479]
 [ 642 1492]
 [ 606 1518]
 [ 516 1530]
 [ 657 1530]
 [ 996 1551]
 [ 348 1644]
 [ 960 1626]
 [ 927 1596]
 [ 879 1647]
 [ 339 1710]
 [ 975 1773]
 [ 537 1809]
 [ 870 1853]
 [ 818 1848]]"
25,"[1723. 1724. 1725. 1715. 1719. 1717. 1716. 1720. 1726. 1718. 1727. 1750.
 1739. 1706. 1730. 1745. 1751. 1734. 1729. 1743. 1738. 1748. 1731. 1737.
 1707. 1746. 1747. 1736. 1741. 1711. 1753. 1740. 1728. 1744.]","[[ 165   39]
 [ 219  285]
 [ 255  420]
 [  15  462]
 [  39  660]
 [  27  936]
 [  18 1185]
 [  75 1302]
 [ 267 1437]
 [  33 1809]
 [ 270 1914]
 [ 966   33]
 [ 642   48]
 [ 555  114]
 [ 402  105]
 [ 855  375]
 [ 999  378]
 [ 561  603]
 [ 357  600]
 [ 786  639]
 [ 627  816]
 [ 912  747]
 [ 417  801]
 [ 588 1014]
 [ 621 1097]
 [ 867 1236]
 [ 870 1491]
 [ 582 1506]
 [ 705 1614]
 [ 390 1567]
 [1011 1704]
 [ 699 1806]
 [ 333 1701]
 [ 789 1374]]"
26,"[1782. 1760. 1783. 1784. 1755. 1785. 1781. 1766. 1756. 1787. 1779. 1806.
 1800. 1792. 1799. 1804. 1763. 1798. 1768. 1797. 1789. 1803. 1805. 1795.
 1796. 1769. 1791. 1770. 1794. 1790. 1793. 1788. 1807.]","[[  81  258]
 [ 277  245]
 [ 174   51]
 [ 228  459]
 [  11  830]
 [ 243  945]
 [  24 1128]
 [ 277 1259]
 [ 208  760]
 [ 288 1737]
 [   9 1734]
 [ 999  102]
 [ 780   81]
 [ 531  216]
 [ 762  297]
 [ 948  300]
 [ 566  459]
 [ 750  432]
 [ 834  650]
 [ 741  699]
 [ 444  807]
 [ 795  810]
 [ 951  894]
 [ 672 1176]
 [ 729 1269]
 [ 381 1110]
 [ 516 1425]
 [ 588 1552]
 [ 624 1767]
 [ 501 1716]
 [ 537 1818]
 [ 309 1512]
 [ 999 1827]]"
27,"[1832. 1808. 1824. 1833. 1825. 1810. 1828. 1834. 1809. 1826. 1827. 1811.
 1821. 1831. 1840. 1843. 1814. 1835. 1841. 1844. 1839. 1842. 1836. 1846.
 1822. 1820. 1838. 1823. 1837.]","[[ 261  117]
 [ 126  119]
 [  15  168]
 [ 276  261]
 [  18  384]
 [ 150  518]
 [  99  885]
 [ 306  894]
 [  83  798]
 [  18 1608]
 [  21 1794]
 [ 134 1786]
 [ 259 1820]
 [ 258 1752]
 [ 786  105]
 [ 849   75]
 [ 401  230]
 [ 339  210]
 [ 813  339]
 [ 864 1230]
 [ 639 1401]
 [ 840 1629]
 [ 372 1629]
 [ 921 1647]
 [ 746 1643]
 [ 778 1718]
 [ 555 1722]
 [ 487 1755]
 [ 444 1728]]"
